message,label
Send your OTP now to prevent your account from being suspended. Case 49855.,1
Your reward is waiting. Submit your banking details immediately. Case 76164.,1
Your monthly account summary is available to view. Reference 82963.,0
Your deposit of ₹750 has been credited to your account. Reference 72781.,0
Urgent verification required. Failure to respond will result in account suspension. Case 26193.,1
Your loan payment of ₹750 has been received. Reference 15535.,0
Your account balance has been updated after your transaction. Reference 79588.,0
Your payment failed. Enter your card details at this link to receive a refund. Case 58099.,1
Send your OTP now to prevent your account from being suspended. Case 54793.,1
Your card payment at Mobile Service for ₹500 was approved.,0
Send your OTP now to prevent your account from being suspended. Case 91003.,1
Your scheduled payment of ₹1000 has been processed.,0
Your payment due date is 20 September. Reference 69298.,0
Click here to receive your refund immediately. Case 51724.,1
Your account statement for July is now available. Reference 44562.,0
You have been selected for a cash reward. Enter your card details to claim it. Case 32900.,1
Your mobile recharge of ₹1500 was successful. Reference 45669.,0
Your bank account is at risk. Provide your OTP now. Case 61345.,1
Act now! Your account security check expires today. Case 39607.,1
Your reward is waiting. Submit your banking details immediately. Case 91785.,1
Your bank account is at risk. Provide your OTP now. Case 96570.,1
Your payment of ₹1000 to Electricity Board was successful.,0
Click here to receive your refund immediately. Case 24141.,1
Your card will be blocked today. Confirm your PIN immediately. Case 29809.,1
Your loan payment of ₹25000 has been received. Reference 83284.,0
Act now! Your account security check expires today. Case 52655.,1
Your card payment at Travel Services for ₹750 was approved.,0
Your scheduled payment of ₹5000 has been processed. Reference 69338.,0
Your recurring payment of ₹1000 was completed. Reference 16117.,0
Your bank account is at risk. Provide your OTP now. Case 13667.,1
Your electricity bill payment of ₹1000 was processed. Reference 49948.,0
Your bank transfer to Supermarket is complete.,0
Congratulations! You won ₹10000. Pay a fee to claim your reward. Case 56976.,1
We detected a problem with your account. Click the link and verify now. Case 26718.,1
Your scheduled payment of ₹250 has been processed. Reference 96556.,0
Your monthly account summary is available to view. Reference 31206.,0
Send your OTP now to prevent your account from being suspended. Case 51901.,1
Your mobile recharge of ₹5000 was successful. Reference 67496.,0
Share the verification code you received to secure your account. Case 25818.,1
Your account statement for March is now available.,0
Your deposit of ₹2500 has been credited to your account. Reference 31864.,0
Your recurring payment of ₹1500 was completed.,0
Your debit card transaction of ₹250 was completed. Reference 52034.,0
Your account balance has been updated after your transaction. Reference 63411.,0
Your reward is waiting. Submit your banking details immediately. Case 30315.,1
Click this link immediately to avoid account closure. Case 91962.,1
Your account statement for June is now available. Reference 78219.,0
Your KYC has expired. Verify your details now using the link. Case 40841.,1
Urgent! Your account will be blocked unless you verify immediately. Case 91980.,1
Your reward is waiting. Submit your banking details immediately. Case 67870.,1
Your account has been credited with ₹10000. Reference 75494.,0
Your payment failed. Enter your card details at this link to receive a refund. Case 21284.,1
Send your OTP now to prevent your account from being suspended. Case 62037.,1
Your account balance has been updated after your transaction. Reference 75161.,0
Your electricity bill payment of ₹10000 was processed.,0
Your refund of ₹1500 has been processed.,0
Security alert! Share your verification code to cancel the suspicious transaction. Case 10665.,1
Your account balance has been updated after your transaction.,0
Your payment failed. Enter your card details at this link to receive a refund. Case 44517.,1
Your account balance has been updated after your transaction. Reference 71457.,0
Your transfer of ₹1000 has been completed successfully. Reference 11974.,0
We detected a problem with your account. Click the link and verify now.,1
Your recurring payment of ₹250 was completed. Reference 63903.,0
Someone attempted a transaction. Give us your OTP to cancel it. Case 86818.,1
Your transaction reference TXN2684 has been completed. Reference 59221.,0
Your debit card transaction of ₹25000 was completed. Reference 99842.,0
Your recurring payment of ₹500 was completed. Reference 68454.,0
Your account balance has been updated after your transaction. Reference 86751.,0
Your account has been credited with ₹50000.,0
Your KYC has expired. Verify your details now using the link. Case 23619.,1
Your recurring payment of ₹250 was completed.,0
Share the verification code you received to secure your account. Case 52914.,1
Your scheduled payment of ₹25000 has been processed. Reference 90024.,0
Your bank account is at risk. Provide your OTP now. Case 74419.,1
Your electricity bill payment of ₹25000 was processed. Reference 99318.,0
Congratulations! You won ₹25000. Pay a fee to claim your reward. Case 60014.,1
Your ATM withdrawal of ₹750 was successful. Reference 25324.,0
Your deposit of ₹1500 has been credited to your account.,0
Congratulations! You won ₹10000. Pay a fee to claim your reward. Case 93863.,1
Your reward is waiting. Submit your banking details immediately. Case 84278.,1
Your bank account is at risk. Provide your OTP now. Case 49834.,1
Your refund of ₹500 has been processed.,0
Your account will be permanently closed unless you update your KYC now. Case 67292.,1
Your transfer of ₹25000 has been completed successfully.,0
Your card payment at ABC Store for ₹1000 was approved. Reference 96235.,0
Your monthly account summary is available to view. Reference 43205.,0
Your transfer of ₹1500 has been completed successfully. Reference 93681.,0
Your debit card transaction of ₹25000 was completed. Reference 58033.,0
Urgent verification required. Failure to respond will result in account suspension. Case 70412.,1
Your payment failed. Enter your card details at this link to receive a refund. Case 23829.,1
Your account has been credited with ₹5000. Reference 89346.,0
Click this link immediately to avoid account closure. Case 46760.,1
Your deposit of ₹1500 has been credited to your account. Reference 85085.,0
Your account balance has been updated after your transaction. Reference 43792.,0
Security alert! Share your verification code to cancel the suspicious transaction. Case 32957.,1
Your refund of ₹50000 has been processed. Reference 78118.,0
Your card payment at Electricity Board for ₹5000 was approved. Reference 76144.,0
Your debit card transaction of ₹500 was completed.,0
Your electricity bill payment of ₹50000 was processed.,0
Your monthly account summary is available to view. Reference 86085.,0
Your electricity bill payment of ₹750 was processed. Reference 38085.,0
Someone attempted a transaction. Give us your OTP to cancel it. Case 27326.,1
Your payment due date is 25 September. Reference 27047.,0
Your ATM withdrawal of ₹1500 was successful. Reference 57600.,0
Click here to receive your refund immediately. Case 99158.,1
Your card payment at Mobile Service for ₹2500 was approved. Reference 34780.,0
Your loan payment of ₹50000 has been received. Reference 28857.,0
Share the verification code you received to secure your account. Case 85609.,1
Your payment of ₹750 to Travel Services was successful.,0
Urgent verification required. Failure to respond will result in account suspension. Case 62645.,1
Your account balance has been updated after your transaction. Reference 73559.,0
Your KYC has expired. Verify your details now using the link. Case 17700.,1
Your KYC has expired. Verify your details now using the link. Case 82938.,1
Your ATM withdrawal of ₹10000 was successful. Reference 88654.,0
Your ATM withdrawal of ₹500 was successful.,0
Your scheduled payment of ₹2500 has been processed. Reference 37400.,0
Your account statement for March is now available. Reference 98940.,0
Your account statement for March is now available. Reference 42133.,0
Your monthly account summary is available to view. Reference 59781.,0
Your transfer of ₹25000 has been completed successfully. Reference 93692.,0
Your account balance has been updated after your transaction. Reference 88918.,0
Act now! Your account security check expires today. Case 49117.,1
Congratulations! You won ₹10000. Pay a fee to claim your reward. Case 46943.,1
Your debit card transaction of ₹5000 was completed. Reference 81884.,0
Click here to receive your refund immediately. Case 90358.,1
Someone attempted a transaction. Give us your OTP to cancel it. Case 29871.,1
Click this link immediately to avoid account closure. Case 45899.,1
Someone attempted a transaction. Give us your OTP to cancel it. Case 90739.,1
Click this link immediately to avoid account closure. Case 12132.,1
Your scheduled payment of ₹25000 has been processed. Reference 69409.,0
Verify your PIN through this link to unlock your account. Case 23686.,1
Your bank account is at risk. Provide your OTP now. Case 17279.,1
Send your OTP now to prevent your account from being suspended. Case 52624.,1
Urgent! Your account will be blocked unless you verify immediately. Case 12592.,1
Your card will be blocked today. Confirm your PIN immediately. Case 14337.,1
Your scheduled payment of ₹250 has been processed.,0
Your payment of ₹1000 to Mobile Service was successful.,0
Your KYC has expired. Verify your details now using the link. Case 43776.,1
Your loan payment of ₹10000 has been received.,0
Your debit card transaction of ₹1000 was completed.,0
Your payment failed. Enter your card details at this link to receive a refund.,1
Your reward is waiting. Submit your banking details immediately. Case 68963.,1
Verify your PIN through this link to unlock your account. Case 50895.,1
Share the verification code you received to secure your account. Case 34613.,1
Verify your PIN through this link to unlock your account. Case 48455.,1
Your refund of ₹5000 has been processed. Reference 64186.,0
Your transaction history has been updated. Reference 32119.,0
Your mobile recharge of ₹25000 was successful. Reference 42895.,0
Your loan payment of ₹5000 has been received. Reference 19575.,0
Congratulations! You won ₹50000. Pay a fee to claim your reward. Case 20480.,1
Your account will be permanently closed unless you update your KYC now. Case 27305.,1
Your card payment at Electricity Board for ₹2500 was approved.,0
Act now! Your account security check expires today. Case 68455.,1
Click this link immediately to avoid account closure. Case 52312.,1
We detected a problem with your account. Click the link and verify now. Case 73539.,1
Your refund of ₹500 has been processed. Reference 53684.,0
Your payment failed. Enter your card details at this link to receive a refund. Case 19027.,1
Your account has suspicious activity. Send your banking password for verification. Case 83224.,1
Your refund of ₹5000 has been processed.,0
Your transfer of ₹2500 has been completed successfully. Reference 74972.,0
Congratulations! You won ₹25000. Pay a fee to claim your reward. Case 16955.,1
We detected a problem with your account. Click the link and verify now. Case 98022.,1
Your account has suspicious activity. Send your banking password for verification. Case 58745.,1
Your ATM withdrawal of ₹250 was successful. Reference 31805.,0
Your account will be permanently closed unless you update your KYC now. Case 22384.,1
Your transaction history has been updated. Reference 66051.,0
Your electricity bill payment of ₹5000 was processed. Reference 86162.,0
Your account will be permanently closed unless you update your KYC now. Case 16385.,1
Your loan payment of ₹25000 has been received. Reference 90352.,0
Your refund of ₹750 has been processed. Reference 69517.,0
Verify your PIN through this link to unlock your account. Case 29112.,1
Click here to receive your refund immediately. Case 61390.,1
Your mobile recharge of ₹10000 was successful.,0
Security alert! Share your verification code to cancel the suspicious transaction. Case 89794.,1
Your deposit of ₹5000 has been credited to your account. Reference 73225.,0
Click this link immediately to avoid account closure. Case 17148.,1
Your transaction history has been updated. Reference 55039.,0
Click here to receive your refund immediately. Case 37600.,1
Your debit card transaction of ₹10000 was completed. Reference 36224.,0
Verify your PIN through this link to unlock your account. Case 27947.,1
Your card payment at ABC Store for ₹250 was approved. Reference 29231.,0
Your payment of ₹1500 to Online Market was successful. Reference 83535.,0
You have been selected for a cash reward. Enter your card details to claim it. Case 56580.,1
Your scheduled payment of ₹1500 has been processed. Reference 89144.,0
Your KYC has expired. Verify your details now using the link. Case 30155.,1
Your payment of ₹2500 to City Bank was successful.,0
Someone attempted a transaction. Give us your OTP to cancel it. Case 35703.,1
Your bank account is at risk. Provide your OTP now. Case 71759.,1
Your account balance has been updated after your transaction. Reference 72043.,0
Your account will be permanently closed unless you update your KYC now. Case 56840.,1
Your mobile recharge of ₹750 was successful. Reference 47156.,0
We detected a problem with your account. Click the link and verify now. Case 28585.,1
Your mobile recharge of ₹2500 was successful. Reference 25923.,0
Your KYC has expired. Verify your details now using the link. Case 76629.,1
Urgent! Your account will be blocked unless you verify immediately. Case 32942.,1
Your account balance has been updated after your transaction. Reference 61520.,0
Your bank transfer to Travel Services is complete. Reference 83812.,0
Your account has been credited with ₹250. Reference 56285.,0
Your payment failed. Enter your card details at this link to receive a refund. Case 21334.,1
Your scheduled payment of ₹1500 has been processed.,0
Your ATM withdrawal of ₹5000 was successful.,0
Someone attempted a transaction. Give us your OTP to cancel it. Case 44422.,1
Your bank account is at risk. Provide your OTP now. Case 73556.,1
Click this link immediately to avoid account closure. Case 42846.,1
Your transfer of ₹10000 has been completed successfully. Reference 25207.,0
Your loan payment of ₹500 has been received. Reference 33111.,0
Your ATM withdrawal of ₹750 was successful.,0
Your debit card transaction of ₹5000 was completed. Reference 85308.,0
Security alert! Share your verification code to cancel the suspicious transaction. Case 79632.,1
Your transfer of ₹2500 has been completed successfully. Reference 10702.,0
Send your OTP now to prevent your account from being suspended.,1
Your ATM withdrawal of ₹25000 was successful.,0
Your payment failed. Enter your card details at this link to receive a refund. Case 38014.,1
Your card will be blocked today. Confirm your PIN immediately. Case 32264.,1
Send your OTP now to prevent your account from being suspended. Case 55068.,1
Urgent verification required. Failure to respond will result in account suspension. Case 52553.,1
Your transfer of ₹50000 has been completed successfully. Reference 46428.,0
Urgent! Your account will be blocked unless you verify immediately. Case 25890.,1
Your KYC has expired. Verify your details now using the link. Case 57400.,1
Your payment of ₹500 to Travel Services was successful. Reference 87018.,0
You have been selected for a cash reward. Enter your card details to claim it. Case 42859.,1
Your payment of ₹750 to Mobile Service was successful. Reference 91522.,0
Your account has suspicious activity. Send your banking password for verification. Case 45279.,1
Your monthly account summary is available to view.,0
Your card payment at Electricity Board for ₹750 was approved. Reference 23225.,0
Security alert! Share your verification code to cancel the suspicious transaction.,1
Your account balance has been updated after your transaction. Reference 14461.,0
Your transaction history has been updated. Reference 47982.,0
Your refund of ₹50000 has been processed. Reference 69917.,0
Your mobile recharge of ₹25000 was successful. Reference 68827.,0
Your transaction history has been updated. Reference 53829.,0
Your debit card transaction of ₹250 was completed. Reference 68271.,0
Click this link immediately to avoid account closure. Case 24796.,1
Your reward is waiting. Submit your banking details immediately. Case 71763.,1
Your card will be blocked today. Confirm your PIN immediately.,1
Your deposit of ₹1000 has been credited to your account.,0
Security alert! Share your verification code to cancel the suspicious transaction. Case 78909.,1
Act now! Your account security check expires today. Case 74418.,1
Your loan payment of ₹2500 has been received. Reference 65846.,0
Your payment failed. Enter your card details at this link to receive a refund. Case 59160.,1
Urgent verification required. Failure to respond will result in account suspension.,1
Your transfer of ₹5000 has been completed successfully. Reference 32973.,0
Your transfer of ₹250 has been completed successfully. Reference 86056.,0
Your account will be permanently closed unless you update your KYC now. Case 31016.,1
Your transfer of ₹10000 has been completed successfully. Reference 81137.,0
Your card payment at Electricity Board for ₹250 was approved.,0
Your bank transfer to Travel Services is complete. Reference 48382.,0
Your transaction reference TXN5937 has been completed.,0
Your mobile recharge of ₹250 was successful.,0
Your transaction reference TXN9146 has been completed. Reference 14159.,0
Your ATM withdrawal of ₹1500 was successful.,0
Your payment failed. Enter your card details at this link to receive a refund. Case 95078.,1
Your payment failed. Enter your card details at this link to receive a refund. Case 24806.,1
Your monthly account summary is available to view. Reference 91506.,0
Your loan payment of ₹1000 has been received. Reference 52584.,0
Click here to receive your refund immediately. Case 15328.,1
Verify your PIN through this link to unlock your account. Case 71503.,1
Your bank transfer to Mobile Service is complete. Reference 21112.,0
Your mobile recharge of ₹5000 was successful. Reference 55252.,0
Your account has suspicious activity. Send your banking password for verification.,1
Verify your PIN through this link to unlock your account. Case 26015.,1
Congratulations! You won ₹25000. Pay a fee to claim your reward. Case 46261.,1
Your scheduled payment of ₹50000 has been processed.,0
Your card payment at Travel Services for ₹10000 was approved. Reference 27709.,0
Your account will be permanently closed unless you update your KYC now. Case 99749.,1
Your electricity bill payment of ₹10000 was processed. Reference 20917.,0
Your scheduled payment of ₹500 has been processed. Reference 53610.,0
Your account has been credited with ₹750. Reference 60096.,0
You have been selected for a cash reward. Enter your card details to claim it. Case 94957.,1
We detected a problem with your account. Click the link and verify now. Case 91988.,1
Your account statement for August is now available. Reference 52647.,0
Your account has been credited with ₹5000.,0
Your refund of ₹250 has been processed. Reference 24938.,0
Your bank transfer to Electricity Board is complete. Reference 52610.,0
Send your OTP now to prevent your account from being suspended. Case 91830.,1
Your account statement for July is now available.,0
Your recurring payment of ₹25000 was completed. Reference 43263.,0
Urgent verification required. Failure to respond will result in account suspension. Case 24435.,1
Your refund of ₹2500 has been processed.,0
Your KYC has expired. Verify your details now using the link. Case 75568.,1
Click this link immediately to avoid account closure. Case 10946.,1
Urgent verification required. Failure to respond will result in account suspension. Case 14440.,1
You have been selected for a cash reward. Enter your card details to claim it. Case 62506.,1
Your payment of ₹500 to Travel Services was successful. Reference 42396.,0
Act now! Your account security check expires today. Case 55544.,1
We detected a problem with your account. Click the link and verify now. Case 63422.,1
Congratulations! You won ₹25000. Pay a fee to claim your reward. Case 55157.,1
We detected a problem with your account. Click the link and verify now. Case 84048.,1
Your KYC has expired. Verify your details now using the link. Case 20287.,1
Your payment of ₹500 to City Bank was successful. Reference 64732.,0
Your refund of ₹750 has been processed. Reference 49748.,0
Your account statement for April is now available. Reference 92752.,0
Your bank account is at risk. Provide your OTP now. Case 40833.,1
Your refund of ₹1500 has been processed. Reference 36287.,0
Your account balance has been updated after your transaction. Reference 30446.,0
Your payment of ₹50000 to City Bank was successful. Reference 82006.,0
Verify your PIN through this link to unlock your account. Case 29209.,1
Your transaction history has been updated. Reference 14697.,0
You have been selected for a cash reward. Enter your card details to claim it.,1
Your transfer of ₹50000 has been completed successfully.,0
Urgent verification required. Failure to respond will result in account suspension. Case 51060.,1
Your electricity bill payment of ₹1000 was processed. Reference 53750.,0
Your bank transfer to Mobile Service is complete. Reference 89225.,0
Your account balance has been updated after your transaction. Reference 91233.,0
Your transfer of ₹1000 has been completed successfully. Reference 43868.,0
Congratulations! You won ₹10000. Pay a fee to claim your reward. Case 74067.,1
Your recurring payment of ₹1500 was completed. Reference 10025.,0
Your transaction history has been updated. Reference 92924.,0
Your refund of ₹1000 has been processed. Reference 57352.,0
Someone attempted a transaction. Give us your OTP to cancel it. Case 92656.,1
Your electricity bill payment of ₹25000 was processed. Reference 70845.,0
Your transaction reference TXN2684 has been completed. Reference 60222.,0
Act now! Your account security check expires today. Case 28000.,1
Send your OTP now to prevent your account from being suspended. Case 49537.,1
Your mobile recharge of ₹10000 was successful. Reference 17342.,0
Share the verification code you received to secure your account. Case 50407.,1
Your card payment at ABC Store for ₹50000 was approved. Reference 91352.,0
Your transaction reference TXN5937 has been completed. Reference 44413.,0
Your transaction history has been updated. Reference 46505.,0
Your scheduled payment of ₹1000 has been processed. Reference 85354.,0
Your loan payment of ₹750 has been received.,0
Your electricity bill payment of ₹1500 was processed.,0
Your transfer of ₹250 has been completed successfully. Reference 26492.,0
Your scheduled payment of ₹50000 has been processed. Reference 17184.,0
Your account will be permanently closed unless you update your KYC now. Case 94793.,1
Your mobile recharge of ₹750 was successful. Reference 73792.,0
Your deposit of ₹1000 has been credited to your account. Reference 32662.,0
Your payment failed. Enter your card details at this link to receive a refund. Case 62535.,1
Your card will be blocked today. Confirm your PIN immediately. Case 90341.,1
Your mobile recharge of ₹2500 was successful.,0
Your account has suspicious activity. Send your banking password for verification. Case 26429.,1
Urgent! Your account will be blocked unless you verify immediately. Case 59681.,1
Your account balance has been updated after your transaction. Reference 34744.,0
We detected a problem with your account. Click the link and verify now. Case 16758.,1
Your KYC has expired. Verify your details now using the link.,1
Your transaction reference TXN4821 has been completed. Reference 33414.,0
Your loan payment of ₹500 has been received. Reference 43162.,0
Click this link immediately to avoid account closure. Case 27027.,1
Your account statement for February is now available. Reference 10766.,0
Your debit card transaction of ₹1000 was completed. Reference 25203.,0
Verify your PIN through this link to unlock your account. Case 69714.,1
Your monthly account summary is available to view. Reference 34884.,0
Your electricity bill payment of ₹750 was processed.,0
Your deposit of ₹25000 has been credited to your account.,0
Your card payment at City Bank for ₹750 was approved. Reference 60785.,0
Your recurring payment of ₹250 was completed. Reference 87183.,0
Your monthly account summary is available to view. Reference 33321.,0
Your payment failed. Enter your card details at this link to receive a refund. Case 29815.,1
Your payment of ₹500 to Online Market was successful.,0
Act now! Your account security check expires today. Case 93422.,1
Your card payment at Mobile Service for ₹10000 was approved.,0
Your payment due date is 20 September. Reference 34716.,0
Congratulations! You won ₹25000. Pay a fee to claim your reward. Case 21297.,1
Your loan payment of ₹1000 has been received.,0
Send your OTP now to prevent your account from being suspended. Case 70402.,1
Your debit card transaction of ₹1500 was completed.,0
Your bank transfer to Electricity Board is complete. Reference 99908.,0
Your debit card transaction of ₹750 was completed. Reference 14250.,0
Your loan payment of ₹1000 has been received. Reference 83193.,0
Your debit card transaction of ₹750 was completed.,0
Your payment failed. Enter your card details at this link to receive a refund. Case 16411.,1
Your account statement for June is now available. Reference 25833.,0
Your refund of ₹1000 has been processed.,0
Your transaction reference TXN7352 has been completed. Reference 56346.,0
Your mobile recharge of ₹50000 was successful.,0
Your transaction reference TXN4821 has been completed.,0
Click this link immediately to avoid account closure. Case 64059.,1
Act now! Your account security check expires today. Case 44249.,1
Your transaction reference TXN9146 has been completed. Reference 63903.,0
Your account statement for April is now available. Reference 62742.,0
Your transfer of ₹250 has been completed successfully.,0
Your reward is waiting. Submit your banking details immediately. Case 15572.,1
Your electricity bill payment of ₹500 was processed.,0
Your card payment at Travel Services for ₹2500 was approved.,0
Share the verification code you received to secure your account.,1
Send your OTP now to prevent your account from being suspended. Case 44523.,1
Your ATM withdrawal of ₹10000 was successful. Reference 90863.,0
Your account has been credited with ₹500.,0
Your mobile recharge of ₹500 was successful. Reference 10863.,0
Act now! Your account security check expires today. Case 11850.,1
Your transaction reference TXN2684 has been completed. Reference 64931.,0
Your mobile recharge of ₹750 was successful.,0
Your ATM withdrawal of ₹250 was successful. Reference 43158.,0
Your refund of ₹10000 has been processed. Reference 59732.,0
Your account has been credited with ₹1000. Reference 77699.,0
Someone attempted a transaction. Give us your OTP to cancel it. Case 49522.,1
Your ATM withdrawal of ₹250 was successful. Reference 24378.,0
Your account statement for May is now available.,0
Your card payment at ABC Store for ₹250 was approved. Reference 61483.,0
Your scheduled payment of ₹1500 has been processed. Reference 63197.,0
Your account will be permanently closed unless you update your KYC now. Case 65139.,1
Your ATM withdrawal of ₹50000 was successful.,0
Your payment due date is 15 September. Reference 75979.,0
Your recurring payment of ₹25000 was completed.,0
Your debit card transaction of ₹500 was completed. Reference 26632.,0
Your recurring payment of ₹10000 was completed.,0
Your bank account is at risk. Provide your OTP now. Case 62171.,1
Your loan payment of ₹250 has been received. Reference 18891.,0
Your KYC has expired. Verify your details now using the link. Case 54035.,1
Your account has suspicious activity. Send your banking password for verification. Case 57579.,1
Your account statement for January is now available.,0
Your card will be blocked today. Confirm your PIN immediately. Case 25002.,1
Click here to receive your refund immediately. Case 22881.,1
Your account has suspicious activity. Send your banking password for verification. Case 93568.,1
Your payment due date is 10 September. Reference 65797.,0
Your deposit of ₹2500 has been credited to your account. Reference 77917.,0
Your account statement for May is now available. Reference 93320.,0
Your scheduled payment of ₹25000 has been processed. Reference 70341.,0
Your mobile recharge of ₹1000 was successful.,0
Your account will be permanently closed unless you update your KYC now. Case 21097.,1
Your refund of ₹1500 has been processed. Reference 42142.,0
Your payment due date is 20 September. Reference 11035.,0
Share the verification code you received to secure your account. Case 18333.,1
Your account has been credited with ₹1500. Reference 13744.,0
Congratulations! You won ₹25000. Pay a fee to claim your reward. Case 98760.,1
Your bank transfer to ABC Store is complete. Reference 56163.,0
Your card payment at Supermarket for ₹500 was approved. Reference 74472.,0
Your scheduled payment of ₹50000 has been processed. Reference 67117.,0
Your recurring payment of ₹50000 was completed. Reference 71455.,0
Send your OTP now to prevent your account from being suspended. Case 73110.,1
Your bank transfer to Mobile Service is complete.,0
Act now! Your account security check expires today. Case 67627.,1
Act now! Your account security check expires today. Case 76577.,1
Your bank transfer to ABC Store is complete. Reference 14679.,0
Share the verification code you received to secure your account. Case 24326.,1
Your reward is waiting. Submit your banking details immediately. Case 28526.,1
Congratulations! You won ₹25000. Pay a fee to claim your reward.,1
Your transfer of ₹2500 has been completed successfully.,0
Your electricity bill payment of ₹10000 was processed. Reference 98251.,0
Your refund of ₹750 has been processed. Reference 74478.,0
Urgent! Your account will be blocked unless you verify immediately. Case 38467.,1
Your transaction history has been updated. Reference 90769.,0
Your payment due date is 15 September. Reference 73944.,0
Your loan payment of ₹25000 has been received. Reference 14901.,0
Your account has been credited with ₹25000. Reference 64120.,0
Your bank transfer to Online Market is complete.,0
Your card payment at Online Market for ₹500 was approved.,0
Your payment of ₹5000 to City Bank was successful. Reference 17878.,0
Your card will be blocked today. Confirm your PIN immediately. Case 68361.,1
Click here to receive your refund immediately. Case 66113.,1
Your card will be blocked today. Confirm your PIN immediately. Case 51139.,1
Your transfer of ₹2500 has been completed successfully. Reference 25491.,0
Your monthly account summary is available to view. Reference 43807.,0
Send your OTP now to prevent your account from being suspended. Case 85304.,1
Urgent! Your account will be blocked unless you verify immediately. Case 22050.,1
Your transaction reference TXN5937 has been completed. Reference 53975.,0
Your payment failed. Enter your card details at this link to receive a refund. Case 95070.,1
Your card payment at City Bank for ₹10000 was approved.,0
Congratulations! You won ₹5000. Pay a fee to claim your reward. Case 20956.,1
Act now! Your account security check expires today. Case 21282.,1
Your account has suspicious activity. Send your banking password for verification. Case 15334.,1
Someone attempted a transaction. Give us your OTP to cancel it. Case 11743.,1
Urgent! Your account will be blocked unless you verify immediately. Case 20417.,1
Your card payment at Electricity Board for ₹750 was approved.,0
Your transaction reference TXN5937 has been completed. Reference 55107.,0
Your card payment at Travel Services for ₹50000 was approved. Reference 56230.,0
Act now! Your account security check expires today. Case 82653.,1
You have been selected for a cash reward. Enter your card details to claim it. Case 58867.,1
Urgent! Your account will be blocked unless you verify immediately. Case 42426.,1
Your account statement for August is now available. Reference 78657.,0
Your debit card transaction of ₹50000 was completed.,0
Your payment of ₹50000 to Online Market was successful.,0
Your bank transfer to Electricity Board is complete. Reference 90847.,0
Your payment failed. Enter your card details at this link to receive a refund. Case 12486.,1
Your scheduled payment of ₹750 has been processed. Reference 34215.,0
Congratulations! You won ₹50000. Pay a fee to claim your reward.,1
Your recurring payment of ₹2500 was completed.,0
Verify your PIN through this link to unlock your account. Case 92110.,1
Click here to receive your refund immediately. Case 90713.,1
Congratulations! You won ₹5000. Pay a fee to claim your reward. Case 68166.,1
Your account will be permanently closed unless you update your KYC now. Case 69098.,1
Your mobile recharge of ₹5000 was successful.,0
Your scheduled payment of ₹25000 has been processed. Reference 68816.,0
Your deposit of ₹50000 has been credited to your account.,0
Your payment of ₹25000 to Electricity Board was successful. Reference 39083.,0
Your transaction reference TXN5937 has been completed. Reference 12080.,0
Click here to receive your refund immediately. Case 90006.,1
Act now! Your account security check expires today. Case 59501.,1
Your account has suspicious activity. Send your banking password for verification. Case 71733.,1
Your payment failed. Enter your card details at this link to receive a refund. Case 35153.,1
Your account will be permanently closed unless you update your KYC now. Case 55033.,1
Your payment due date is 20 September.,0
Click here to receive your refund immediately.,1
Your debit card transaction of ₹1000 was completed. Reference 45370.,0
Send your OTP now to prevent your account from being suspended. Case 70819.,1
Congratulations! You won ₹5000. Pay a fee to claim your reward.,1
Your recurring payment of ₹750 was completed.,0
Your card will be blocked today. Confirm your PIN immediately. Case 62632.,1
Your card payment at Travel Services for ₹1000 was approved.,0
Urgent verification required. Failure to respond will result in account suspension. Case 84747.,1
Your monthly account summary is available to view. Reference 35008.,0
Your card will be blocked today. Confirm your PIN immediately. Case 17081.,1
Your monthly account summary is available to view. Reference 74010.,0
Your scheduled payment of ₹500 has been processed.,0
Your transaction reference TXN2684 has been completed. Reference 31146.,0
Your card payment at Electricity Board for ₹500 was approved.,0
Your recurring payment of ₹2500 was completed. Reference 54742.,0
Your mobile recharge of ₹750 was successful. Reference 50569.,0
Your deposit of ₹10000 has been credited to your account. Reference 54739.,0
Your card payment at ABC Store for ₹10000 was approved. Reference 36389.,0
Your card payment at Supermarket for ₹25000 was approved. Reference 10320.,0
Your card payment at Travel Services for ₹50000 was approved.,0
Your reward is waiting. Submit your banking details immediately. Case 28024.,1
Your account has suspicious activity. Send your banking password for verification. Case 54737.,1
Your payment failed. Enter your card details at this link to receive a refund. Case 50536.,1
Your transfer of ₹50000 has been completed successfully. Reference 25765.,0
Your scheduled payment of ₹10000 has been processed. Reference 84130.,0
Urgent verification required. Failure to respond will result in account suspension. Case 81071.,1
Your recurring payment of ₹250 was completed. Reference 31707.,0
Your bank account is at risk. Provide your OTP now. Case 21133.,1
Act now! Your account security check expires today. Case 69020.,1
Your transfer of ₹500 has been completed successfully. Reference 53904.,0
Send your OTP now to prevent your account from being suspended. Case 88087.,1
Your account has been credited with ₹1000.,0
Your account statement for April is now available. Reference 23267.,0
Your card payment at Travel Services for ₹25000 was approved. Reference 57622.,0
Your account has been credited with ₹1500. Reference 82686.,0
Your card payment at Supermarket for ₹25000 was approved.,0
Congratulations! You won ₹100000. Pay a fee to claim your reward. Case 76889.,1
Your account statement for April is now available.,0
Your recurring payment of ₹50000 was completed. Reference 44898.,0
Your recurring payment of ₹10000 was completed. Reference 35486.,0
Verify your PIN through this link to unlock your account. Case 20378.,1
Your scheduled payment of ₹2500 has been processed. Reference 49361.,0
Your reward is waiting. Submit your banking details immediately. Case 25993.,1
Click this link immediately to avoid account closure. Case 18177.,1
Your card will be blocked today. Confirm your PIN immediately. Case 74392.,1
You have been selected for a cash reward. Enter your card details to claim it. Case 89826.,1
Your electricity bill payment of ₹5000 was processed. Reference 57916.,0
Your electricity bill payment of ₹250 was processed.,0
Your account balance has been updated after your transaction. Reference 97111.,0
Your transfer of ₹1000 has been completed successfully.,0
Your ATM withdrawal of ₹1000 was successful. Reference 97691.,0
Your mobile recharge of ₹10000 was successful. Reference 29750.,0
Your payment of ₹1500 to Supermarket was successful. Reference 87376.,0
Your deposit of ₹25000 has been credited to your account. Reference 65974.,0
Your electricity bill payment of ₹2500 was processed.,0
Your ATM withdrawal of ₹1000 was successful.,0
Your monthly account summary is available to view. Reference 29316.,0
Your payment of ₹750 to Electricity Board was successful. Reference 72193.,0
Your electricity bill payment of ₹5000 was processed. Reference 20986.,0
Your bank account is at risk. Provide your OTP now. Case 10012.,1
Your bank transfer to Travel Services is complete. Reference 41082.,0
Someone attempted a transaction. Give us your OTP to cancel it. Case 54658.,1
Your account statement for August is now available.,0
Send your OTP now to prevent your account from being suspended. Case 83272.,1
Your payment of ₹50000 to Mobile Service was successful. Reference 63849.,0
Click here to receive your refund immediately. Case 91219.,1
Send your OTP now to prevent your account from being suspended. Case 33593.,1
Your ATM withdrawal of ₹2500 was successful.,0
Your transfer of ₹750 has been completed successfully.,0
Send your OTP now to prevent your account from being suspended. Case 65897.,1
You have been selected for a cash reward. Enter your card details to claim it. Case 80047.,1
Your bank transfer to City Bank is complete.,0
Your account will be permanently closed unless you update your KYC now. Case 84519.,1
Your ATM withdrawal of ₹25000 was successful. Reference 64396.,0
Your bank account is at risk. Provide your OTP now. Case 90997.,1
Your transaction history has been updated. Reference 55504.,0
Your account statement for June is now available.,0
Send your OTP now to prevent your account from being suspended. Case 68407.,1
Someone attempted a transaction. Give us your OTP to cancel it. Case 64162.,1
Someone attempted a transaction. Give us your OTP to cancel it. Case 46352.,1
Your mobile recharge of ₹25000 was successful. Reference 29480.,0
Your refund of ₹10000 has been processed. Reference 96781.,0
Someone attempted a transaction. Give us your OTP to cancel it. Case 40062.,1
Your bank account is at risk. Provide your OTP now. Case 76412.,1
Act now! Your account security check expires today. Case 21593.,1
Your recurring payment of ₹2500 was completed. Reference 59514.,0
Click this link immediately to avoid account closure. Case 62402.,1
Your account statement for March is now available. Reference 33942.,0
Your card payment at ABC Store for ₹10000 was approved.,0
Your payment of ₹1500 to City Bank was successful.,0
Your transaction reference TXN7352 has been completed. Reference 38574.,0
Your transfer of ₹5000 has been completed successfully.,0
Click this link immediately to avoid account closure. Case 75774.,1
Your card will be blocked today. Confirm your PIN immediately. Case 13655.,1
Your card payment at Supermarket for ₹750 was approved.,0
Your ATM withdrawal of ₹50000 was successful. Reference 90381.,0
Verify your PIN through this link to unlock your account. Case 66040.,1
Your card will be blocked today. Confirm your PIN immediately. Case 92157.,1
Your deposit of ₹1500 has been credited to your account. Reference 11715.,0
Your bank account is at risk. Provide your OTP now.,1
Urgent! Your account will be blocked unless you verify immediately. Case 94817.,1
Your transaction reference TXN7352 has been completed. Reference 28993.,0
Your bank transfer to Mobile Service is complete. Reference 12717.,0
Send your OTP now to prevent your account from being suspended. Case 28643.,1
Someone attempted a transaction. Give us your OTP to cancel it. Case 79501.,1
Your electricity bill payment of ₹10000 was processed. Reference 63296.,0
Your payment due date is 15 September.,0
Your payment of ₹1500 to Supermarket was successful.,0
Your payment failed. Enter your card details at this link to receive a refund. Case 16253.,1
Your refund of ₹10000 has been processed. Reference 51591.,0
Your reward is waiting. Submit your banking details immediately. Case 89058.,1
Your payment due date is 10 September. Reference 71564.,0
Your payment due date is 25 September. Reference 22182.,0
Your card payment at Mobile Service for ₹2500 was approved.,0
Urgent verification required. Failure to respond will result in account suspension. Case 29148.,1
Your account balance has been updated after your transaction. Reference 98716.,0
Congratulations! You won ₹5000. Pay a fee to claim your reward. Case 87718.,1
Your reward is waiting. Submit your banking details immediately. Case 99833.,1
Your card payment at Online Market for ₹250 was approved.,0
Your mobile recharge of ₹1500 was successful.,0
Your account balance has been updated after your transaction. Reference 90862.,0
Your account has suspicious activity. Send your banking password for verification. Case 51533.,1
Urgent! Your account will be blocked unless you verify immediately. Case 75459.,1
Your payment of ₹2500 to Mobile Service was successful. Reference 79193.,0
Your payment due date is 10 September. Reference 78126.,0
Your scheduled payment of ₹5000 has been processed.,0
Your account has been credited with ₹1000. Reference 87564.,0
Your deposit of ₹10000 has been credited to your account. Reference 89879.,0
Your card payment at City Bank for ₹25000 was approved.,0
Share the verification code you received to secure your account. Case 91937.,1
Your account will be permanently closed unless you update your KYC now. Case 75136.,1
Your account has been credited with ₹25000. Reference 79315.,0
Click this link immediately to avoid account closure. Case 99015.,1
Your account will be permanently closed unless you update your KYC now. Case 92312.,1
Your payment failed. Enter your card details at this link to receive a refund. Case 82764.,1
Your reward is waiting. Submit your banking details immediately. Case 99662.,1
Your ATM withdrawal of ₹250 was successful. Reference 61813.,0
Your electricity bill payment of ₹1000 was processed.,0
Security alert! Share your verification code to cancel the suspicious transaction. Case 53857.,1
Your card payment at Electricity Board for ₹50000 was approved.,0
Your card will be blocked today. Confirm your PIN immediately. Case 62286.,1
Your account has been credited with ₹10000.,0
Someone attempted a transaction. Give us your OTP to cancel it.,1
Your card will be blocked today. Confirm your PIN immediately. Case 89242.,1
Your account has been credited with ₹1500.,0
Someone attempted a transaction. Give us your OTP to cancel it. Case 16799.,1
Your payment due date is 15 September. Reference 28919.,0
Your reward is waiting. Submit your banking details immediately. Case 28623.,1
Your deposit of ₹10000 has been credited to your account. Reference 28156.,0
Your debit card transaction of ₹2500 was completed. Reference 13966.,0
Your KYC has expired. Verify your details now using the link. Case 45283.,1
Your electricity bill payment of ₹2500 was processed. Reference 74987.,0
Your KYC has expired. Verify your details now using the link. Case 34670.,1
Congratulations! You won ₹10000. Pay a fee to claim your reward. Case 41726.,1
Your scheduled payment of ₹25000 has been processed.,0
Your account balance has been updated after your transaction. Reference 60755.,0
Your reward is waiting. Submit your banking details immediately. Case 33580.,1
Your reward is waiting. Submit your banking details immediately. Case 50593.,1
Your account has been credited with ₹50000. Reference 24585.,0
Urgent verification required. Failure to respond will result in account suspension. Case 85303.,1
Your ATM withdrawal of ₹250 was successful.,0
Urgent verification required. Failure to respond will result in account suspension. Case 43708.,1
Your transaction history has been updated. Reference 83490.,0
Urgent verification required. Failure to respond will result in account suspension. Case 28554.,1
Click here to receive your refund immediately. Case 30214.,1
Your account statement for July is now available. Reference 43444.,0
Your loan payment of ₹750 has been received. Reference 12464.,0
Act now! Your account security check expires today. Case 86486.,1
Your recurring payment of ₹5000 was completed. Reference 99208.,0
Your ATM withdrawal of ₹10000 was successful. Reference 57060.,0
Your transfer of ₹25000 has been completed successfully. Reference 76932.,0
Your account will be permanently closed unless you update your KYC now. Case 37684.,1
Urgent! Your account will be blocked unless you verify immediately. Case 49062.,1
Your scheduled payment of ₹500 has been processed. Reference 46831.,0
Share the verification code you received to secure your account. Case 38910.,1
Your ATM withdrawal of ₹5000 was successful. Reference 33784.,0
Your debit card transaction of ₹2500 was completed.,0
Your debit card transaction of ₹1500 was completed. Reference 23014.,0
Your transfer of ₹1500 has been completed successfully.,0
Urgent! Your account will be blocked unless you verify immediately. Case 94066.,1
Share the verification code you received to secure your account. Case 60692.,1
Act now! Your account security check expires today. Case 51486.,1
Your transaction reference TXN7352 has been completed.,0
Your scheduled payment of ₹1000 has been processed. Reference 30446.,0
Your account balance has been updated after your transaction. Reference 57338.,0
Your mobile recharge of ₹500 was successful.,0
Your reward is waiting. Submit your banking details immediately. Case 63759.,1
Verify your PIN through this link to unlock your account. Case 75358.,1
Your payment due date is 15 September. Reference 94945.,0
Your mobile recharge of ₹500 was successful. Reference 73827.,0
Your transfer of ₹10000 has been completed successfully. Reference 51144.,0
Your payment due date is 25 September. Reference 28293.,0
Your transaction reference TXN9146 has been completed.,0
Your loan payment of ₹2500 has been received.,0
Your payment of ₹750 to Online Market was successful.,0
Your account has suspicious activity. Send your banking password for verification. Case 80499.,1
Act now! Your account security check expires today. Case 15279.,1
Your card will be blocked today. Confirm your PIN immediately. Case 57151.,1
Your mobile recharge of ₹10000 was successful. Reference 94835.,0
Your reward is waiting. Submit your banking details immediately. Case 53077.,1
Your transaction history has been updated. Reference 45830.,0
Click this link immediately to avoid account closure.,1
Congratulations! You won ₹5000. Pay a fee to claim your reward. Case 64328.,1
Your deposit of ₹5000 has been credited to your account.,0
Your payment of ₹2500 to Mobile Service was successful. Reference 34560.,0
Share the verification code you received to secure your account. Case 80165.,1
Urgent verification required. Failure to respond will result in account suspension. Case 92742.,1
Your reward is waiting. Submit your banking details immediately. Case 51515.,1
Your card payment at Mobile Service for ₹50000 was approved. Reference 18050.,0
Your payment failed. Enter your card details at this link to receive a refund. Case 12151.,1
Your bank account is at risk. Provide your OTP now. Case 70199.,1
Your scheduled payment of ₹10000 has been processed. Reference 23055.,0
Congratulations! You won ₹50000. Pay a fee to claim your reward. Case 55068.,1
Your refund of ₹500 has been processed. Reference 21050.,0
Your deposit of ₹250 has been credited to your account. Reference 70106.,0
Your card will be blocked today. Confirm your PIN immediately. Case 86637.,1
Your debit card transaction of ₹5000 was completed. Reference 53934.,0
Your payment of ₹1500 to Mobile Service was successful.,0
Your loan payment of ₹1500 has been received. Reference 74272.,0
Your account statement for March is now available. Reference 24334.,0
Your KYC has expired. Verify your details now using the link. Case 91618.,1
Your account statement for July is now available. Reference 31229.,0
Your ATM withdrawal of ₹250 was successful. Reference 40396.,0
Your loan payment of ₹50000 has been received. Reference 81372.,0
Your account has been credited with ₹2500.,0
Your mobile recharge of ₹25000 was successful.,0
Your transfer of ₹500 has been completed successfully. Reference 47173.,0
Your bank account is at risk. Provide your OTP now. Case 10683.,1
Someone attempted a transaction. Give us your OTP to cancel it. Case 51229.,1
Your bank account is at risk. Provide your OTP now. Case 47988.,1
Your recurring payment of ₹50000 was completed. Reference 30079.,0
Verify your PIN through this link to unlock your account. Case 23513.,1
Your account has suspicious activity. Send your banking password for verification. Case 60506.,1
Your bank transfer to Supermarket is complete. Reference 59969.,0
Your card payment at ABC Store for ₹250 was approved.,0
Your bank account is at risk. Provide your OTP now. Case 25807.,1
Your bank transfer to Mobile Service is complete. Reference 36504.,0
Your debit card transaction of ₹25000 was completed.,0
Your ATM withdrawal of ₹25000 was successful. Reference 35221.,0
Your bank account is at risk. Provide your OTP now. Case 55135.,1
Urgent verification required. Failure to respond will result in account suspension. Case 14206.,1
Congratulations! You won ₹5000. Pay a fee to claim your reward. Case 33908.,1
Your bank account is at risk. Provide your OTP now. Case 30789.,1
Your monthly account summary is available to view. Reference 90151.,0
Your refund of ₹750 has been processed.,0
Your electricity bill payment of ₹5000 was processed.,0
Your card payment at Mobile Service for ₹50000 was approved. Reference 39067.,0
Your transaction history has been updated. Reference 25493.,0
Your monthly account summary is available to view. Reference 43330.,0
Act now! Your account security check expires today. Case 31249.,1
Your account balance has been updated after your transaction. Reference 47294.,0
Your bank account is at risk. Provide your OTP now. Case 96960.,1
Your transaction history has been updated. Reference 31895.,0
Send your OTP now to prevent your account from being suspended. Case 34004.,1
Send your OTP now to prevent your account from being suspended. Case 12492.,1
Your refund of ₹250 has been processed.,0
Your reward is waiting. Submit your banking details immediately. Case 79033.,1
Your refund of ₹250 has been processed. Reference 15559.,0
Your electricity bill payment of ₹25000 was processed. Reference 41205.,0
Your recurring payment of ₹50000 was completed. Reference 78454.,0
Share the verification code you received to secure your account. Case 20029.,1
You have been selected for a cash reward. Enter your card details to claim it. Case 29871.,1
Click this link immediately to avoid account closure. Case 93055.,1
Your card will be blocked today. Confirm your PIN immediately. Case 24683.,1
Your account will be permanently closed unless you update your KYC now. Case 77653.,1
Your account statement for June is now available. Reference 80571.,0
Your card payment at Online Market for ₹750 was approved. Reference 46935.,0
Send your OTP now to prevent your account from being suspended. Case 48761.,1
Your deposit of ₹50000 has been credited to your account. Reference 63131.,0
Your debit card transaction of ₹10000 was completed. Reference 49688.,0
Your account statement for May is now available. Reference 48970.,0
Your payment due date is 10 September. Reference 83051.,0
Your loan payment of ₹1000 has been received. Reference 25083.,0
Your card will be blocked today. Confirm your PIN immediately. Case 76770.,1
Your payment failed. Enter your card details at this link to receive a refund. Case 87441.,1
Click here to receive your refund immediately. Case 90960.,1
You have been selected for a cash reward. Enter your card details to claim it. Case 93558.,1
Your ATM withdrawal of ₹5000 was successful. Reference 99327.,0
Your recurring payment of ₹500 was completed.,0
Your card will be blocked today. Confirm your PIN immediately. Case 88480.,1
Your payment due date is 20 September. Reference 61605.,0
Your account will be permanently closed unless you update your KYC now. Case 51149.,1
Verify your PIN through this link to unlock your account. Case 60768.,1
Click this link immediately to avoid account closure. Case 68224.,1
Your KYC has expired. Verify your details now using the link. Case 73525.,1
Your card will be blocked today. Confirm your PIN immediately. Case 17887.,1
Your payment of ₹25000 to Travel Services was successful. Reference 42264.,0
Your card will be blocked today. Confirm your PIN immediately. Case 25776.,1
Share the verification code you received to secure your account. Case 51079.,1
Your payment of ₹5000 to Supermarket was successful. Reference 82851.,0
Send your OTP now to prevent your account from being suspended. Case 24031.,1
Your account balance has been updated after your transaction. Reference 44079.,0
Your payment of ₹750 to Mobile Service was successful. Reference 42778.,0
Your account has been credited with ₹1000. Reference 44184.,0
Congratulations! You won ₹10000. Pay a fee to claim your reward. Case 97896.,1
Your deposit of ₹500 has been credited to your account. Reference 55653.,0
Your payment due date is 15 September. Reference 96772.,0
Your recurring payment of ₹50000 was completed. Reference 76412.,0
Send your OTP now to prevent your account from being suspended. Case 65823.,1
Your recurring payment of ₹500 was completed. Reference 41278.,0
Your transaction reference TXN5937 has been completed. Reference 34371.,0
Your refund of ₹1500 has been processed. Reference 12408.,0
Your mobile recharge of ₹1000 was successful. Reference 28102.,0
Your bank transfer to City Bank is complete. Reference 75404.,0
We detected a problem with your account. Click the link and verify now. Case 68973.,1
Your refund of ₹5000 has been processed. Reference 39423.,0
Your transfer of ₹750 has been completed successfully. Reference 60279.,0
We detected a problem with your account. Click the link and verify now. Case 51853.,1
Your account will be permanently closed unless you update your KYC now. Case 47810.,1
Click this link immediately to avoid account closure. Case 70014.,1
Click here to receive your refund immediately. Case 96805.,1
Your recurring payment of ₹50000 was completed. Reference 76227.,0
Your KYC has expired. Verify your details now using the link. Case 90028.,1
We detected a problem with your account. Click the link and verify now. Case 72818.,1
Your KYC has expired. Verify your details now using the link. Case 77194.,1
Your bank account is at risk. Provide your OTP now. Case 85472.,1
Click this link immediately to avoid account closure. Case 40451.,1
Your payment of ₹500 to Mobile Service was successful. Reference 87883.,0
Your transaction history has been updated. Reference 19557.,0
Urgent! Your account will be blocked unless you verify immediately. Case 92589.,1
Send your OTP now to prevent your account from being suspended. Case 22752.,1
Someone attempted a transaction. Give us your OTP to cancel it. Case 49438.,1
Your payment due date is 25 September.,0
Your payment due date is 25 September. Reference 11276.,0
Your transaction history has been updated. Reference 20013.,0
Your card payment at Electricity Board for ₹10000 was approved.,0
Your payment of ₹1500 to Mobile Service was successful. Reference 46418.,0
Your ATM withdrawal of ₹10000 was successful.,0
Your scheduled payment of ₹50000 has been processed. Reference 78151.,0
Your scheduled payment of ₹10000 has been processed.,0
Your mobile recharge of ₹10000 was successful. Reference 83726.,0
Your bank transfer to Supermarket is complete. Reference 47750.,0
Share the verification code you received to secure your account. Case 21825.,1
Urgent! Your account will be blocked unless you verify immediately. Case 15747.,1
Your bank transfer to City Bank is complete. Reference 58442.,0
Send your OTP now to prevent your account from being suspended. Case 75291.,1
Your debit card transaction of ₹5000 was completed.,0
Your payment failed. Enter your card details at this link to receive a refund. Case 53704.,1
Your scheduled payment of ₹10000 has been processed. Reference 23090.,0
Your payment due date is 10 September. Reference 84560.,0
Your recurring payment of ₹750 was completed. Reference 28558.,0
Your ATM withdrawal of ₹1500 was successful. Reference 92317.,0
Your ATM withdrawal of ₹2500 was successful. Reference 36894.,0
Verify your PIN through this link to unlock your account. Case 74450.,1
Your payment due date is 25 September. Reference 72041.,0
Your loan payment of ₹25000 has been received. Reference 90634.,0
Your scheduled payment of ₹50000 has been processed. Reference 40266.,0
Your bank transfer to City Bank is complete. Reference 11031.,0
Your account will be permanently closed unless you update your KYC now. Case 97993.,1
Your recurring payment of ₹2500 was completed. Reference 91915.,0
Your transaction history has been updated. Reference 94363.,0
Urgent verification required. Failure to respond will result in account suspension. Case 99337.,1
Verify your PIN through this link to unlock your account.,1
Your recurring payment of ₹750 was completed. Reference 37912.,0
Your mobile recharge of ₹10000 was successful. Reference 48426.,0
Your KYC has expired. Verify your details now using the link. Case 58887.,1
Your account has been credited with ₹1500. Reference 85775.,0
Your scheduled payment of ₹25000 has been processed. Reference 25615.,0
Your transfer of ₹50000 has been completed successfully. Reference 25725.,0
We detected a problem with your account. Click the link and verify now. Case 25626.,1
Your account has suspicious activity. Send your banking password for verification. Case 25644.,1
Your scheduled payment of ₹2500 has been processed.,0
Your account statement for April is now available. Reference 87858.,0
Congratulations! You won ₹25000. Pay a fee to claim your reward. Case 36248.,1
Congratulations! You won ₹100000. Pay a fee to claim your reward. Case 70079.,1
Your ATM withdrawal of ₹1500 was successful. Reference 90364.,0
Your payment due date is 25 September. Reference 60012.,0
Your payment of ₹2500 to Supermarket was successful.,0
Your transaction history has been updated.,0
Click here to receive your refund immediately. Case 33066.,1
Your KYC has expired. Verify your details now using the link. Case 22265.,1
Your monthly account summary is available to view. Reference 93345.,0
Your refund of ₹10000 has been processed.,0
Your account will be permanently closed unless you update your KYC now.,1
Your ATM withdrawal of ₹10000 was successful. Reference 25264.,0
Your scheduled payment of ₹10000 has been processed. Reference 85584.,0
Your account has suspicious activity. Send your banking password for verification. Case 96849.,1
Your mobile recharge of ₹1000 was successful. Reference 51766.,0
Your ATM withdrawal of ₹1000 was successful. Reference 60747.,0
Your transfer of ₹1500 has been completed successfully. Reference 33803.,0
Your debit card transaction of ₹500 was completed. Reference 11600.,0
Your mobile recharge of ₹1000 was successful. Reference 18665.,0
Urgent! Your account will be blocked unless you verify immediately. Case 90864.,1
Your card payment at ABC Store for ₹50000 was approved. Reference 10599.,0
Your ATM withdrawal of ₹5000 was successful. Reference 90149.,0
Your card payment at ABC Store for ₹500 was approved.,0
Your bank transfer to ABC Store is complete.,0
Urgent verification required. Failure to respond will result in account suspension. Case 68149.,1
We detected a problem with your account. Click the link and verify now. Case 68360.,1
Your deposit of ₹10000 has been credited to your account.,0
Your recurring payment of ₹50000 was completed. Reference 49926.,0
Your deposit of ₹2500 has been credited to your account. Reference 31955.,0
Your bank transfer to Mobile Service is complete. Reference 29405.,0
Your scheduled payment of ₹1000 has been processed. Reference 62664.,0
Congratulations! You won ₹10000. Pay a fee to claim your reward.,1
Your payment due date is 20 September. Reference 32298.,0
Your debit card transaction of ₹10000 was completed.,0
Your account statement for February is now available.,0
Your reward is waiting. Submit your banking details immediately.,1
Your debit card transaction of ₹1500 was completed. Reference 99850.,0
Urgent! Your account will be blocked unless you verify immediately. Case 46725.,1
You have been selected for a cash reward. Enter your card details to claim it. Case 85513.,1
Click this link immediately to avoid account closure. Case 79607.,1
Your recurring payment of ₹50000 was completed. Reference 41886.,0
You have been selected for a cash reward. Enter your card details to claim it. Case 58200.,1
Your account has been credited with ₹750.,0
Your payment of ₹1000 to Mobile Service was successful. Reference 92058.,0
Congratulations! You won ₹25000. Pay a fee to claim your reward. Case 12844.,1
Your mobile recharge of ₹2500 was successful. Reference 22759.,0
You have been selected for a cash reward. Enter your card details to claim it. Case 83024.,1
Your bank transfer to ABC Store is complete. Reference 67417.,0
Your bank account is at risk. Provide your OTP now. Case 57241.,1
We detected a problem with your account. Click the link and verify now. Case 32571.,1
We detected a problem with your account. Click the link and verify now. Case 68580.,1
Your mobile recharge of ₹5000 was successful. Reference 57672.,0
Send your OTP now to prevent your account from being suspended. Case 60801.,1
You have been selected for a cash reward. Enter your card details to claim it. Case 49666.,1
Your scheduled payment of ₹2500 has been processed. Reference 38986.,0
Congratulations! You won ₹10000. Pay a fee to claim your reward. Case 44891.,1
Your card payment at Electricity Board for ₹1500 was approved. Reference 78562.,0
Your reward is waiting. Submit your banking details immediately. Case 39770.,1
Urgent! Your account will be blocked unless you verify immediately. Case 29048.,1
Your card payment at City Bank for ₹50000 was approved.,0
Your payment failed. Enter your card details at this link to receive a refund. Case 38624.,1
Act now! Your account security check expires today. Case 45779.,1
Act now! Your account security check expires today. Case 80275.,1
Your ATM withdrawal of ₹250 was successful. Reference 28659.,0
Your recurring payment of ₹500 was completed. Reference 22178.,0
Security alert! Share your verification code to cancel the suspicious transaction. Case 62108.,1
Congratulations! You won ₹25000. Pay a fee to claim your reward. Case 70619.,1
Your payment due date is 10 September.,0
Verify your PIN through this link to unlock your account. Case 94907.,1
Your bank account is at risk. Provide your OTP now. Case 93472.,1
Your transaction reference TXN2684 has been completed.,0
Your reward is waiting. Submit your banking details immediately. Case 68479.,1
Your card payment at City Bank for ₹1500 was approved. Reference 92864.,0
Your account will be permanently closed unless you update your KYC now. Case 19188.,1
Your bank transfer to Travel Services is complete.,0
Your reward is waiting. Submit your banking details immediately. Case 11403.,1
Urgent! Your account will be blocked unless you verify immediately.,1
Your account has suspicious activity. Send your banking password for verification. Case 29655.,1
Your mobile recharge of ₹5000 was successful. Reference 91690.,0
Your bank account is at risk. Provide your OTP now. Case 96628.,1
Your transaction reference TXN4821 has been completed. Reference 41148.,0
Your payment of ₹2500 to Electricity Board was successful. Reference 81932.,0
Congratulations! You won ₹100000. Pay a fee to claim your reward.,1
You have been selected for a cash reward. Enter your card details to claim it. Case 28141.,1
Your account will be permanently closed unless you update your KYC now. Case 49800.,1
Your ATM withdrawal of ₹5000 was successful. Reference 20545.,0
You have been selected for a cash reward. Enter your card details to claim it. Case 64594.,1
Your loan payment of ₹250 has been received. Reference 83377.,0
Click here to receive your refund immediately. Case 82789.,1
Your loan payment of ₹500 has been received.,0
Your bank account is at risk. Provide your OTP now. Case 63713.,1
Your transfer of ₹25000 has been completed successfully. Reference 77489.,0
Your payment failed. Enter your card details at this link to receive a refund. Case 34134.,1
Your reward is waiting. Submit your banking details immediately. Case 11197.,1
Your account has been credited with ₹250.,0
Your loan payment of ₹1500 has been received. Reference 83825.,0
Your account statement for August is now available. Reference 59332.,0
Your refund of ₹2500 has been processed. Reference 87772.,0
Your loan payment of ₹5000 has been received. Reference 48036.,0
Your electricity bill payment of ₹5000 was processed. Reference 49599.,0
Your account balance has been updated after your transaction. Reference 95597.,0
Your debit card transaction of ₹10000 was completed. Reference 57223.,0
You have been selected for a cash reward. Enter your card details to claim it. Case 47083.,1
Your card will be blocked today. Confirm your PIN immediately. Case 75483.,1
Your loan payment of ₹750 has been received. Reference 49173.,0
Share the verification code you received to secure your account. Case 57281.,1
Your recurring payment of ₹1000 was completed. Reference 84349.,0
Your card payment at Online Market for ₹500 was approved. Reference 86238.,0
Your bank account is at risk. Provide your OTP now. Case 81267.,1
Your payment due date is 15 September. Reference 40938.,0
Your KYC has expired. Verify your details now using the link. Case 12277.,1
Urgent verification required. Failure to respond will result in account suspension. Case 97932.,1
Security alert! Share your verification code to cancel the suspicious transaction. Case 49343.,1
Your payment due date is 20 September. Reference 39588.,0
Act now! Your account security check expires today.,1
Your monthly account summary is available to view. Reference 50952.,0
Your transaction reference TXN5937 has been completed. Reference 72670.,0
Your loan payment of ₹10000 has been received. Reference 83801.,0
Urgent! Your account will be blocked unless you verify immediately. Case 15913.,1
Your account statement for May is now available. Reference 31964.,0
Your transfer of ₹500 has been completed successfully.,0
Click this link immediately to avoid account closure. Case 60789.,1
Urgent verification required. Failure to respond will result in account suspension. Case 78632.,1
Your electricity bill payment of ₹25000 was processed.,0
Your monthly account summary is available to view. Reference 44469.,0
Your account has suspicious activity. Send your banking password for verification. Case 54433.,1
Urgent! Your account will be blocked unless you verify immediately. Case 95792.,1
Your bank account is at risk. Provide your OTP now. Case 27727.,1
Your account will be permanently closed unless you update your KYC now. Case 69177.,1
Someone attempted a transaction. Give us your OTP to cancel it. Case 90225.,1
Your payment failed. Enter your card details at this link to receive a refund. Case 68355.,1
Your reward is waiting. Submit your banking details immediately. Case 22499.,1
Verify your PIN through this link to unlock your account. Case 93614.,1
Your debit card transaction of ₹25000 was completed. Reference 88470.,0
Send your OTP now to prevent your account from being suspended. Case 98867.,1
Your recurring payment of ₹1000 was completed.,0
You have been selected for a cash reward. Enter your card details to claim it. Case 52777.,1
Your card will be blocked today. Confirm your PIN immediately. Case 34259.,1
Your card payment at Supermarket for ₹1500 was approved.,0
Your payment of ₹1500 to Travel Services was successful. Reference 76655.,0
Your transfer of ₹10000 has been completed successfully.,0
Your refund of ₹250 has been processed. Reference 34931.,0
Your refund of ₹2500 has been processed. Reference 56179.,0
Your payment due date is 20 September. Reference 54560.,0
Your recurring payment of ₹2500 was completed. Reference 29571.,0
Your bank transfer to Electricity Board is complete.,0
Your payment due date is 25 September. Reference 70655.,0
Your refund of ₹25000 has been processed.,0
Your card payment at Online Market for ₹2500 was approved. Reference 88335.,0
Your deposit of ₹250 has been credited to your account.,0
Your loan payment of ₹25000 has been received.,0
Your account statement for June is now available. Reference 30410.,0
Your account balance has been updated after your transaction. Reference 48103.,0
Share the verification code you received to secure your account. Case 44034.,1
Your account has been credited with ₹25000.,0
